,code,name
0,000929,兰州黄河
1,002182,云海金属
2,600360,华微电子
3,002793,东音股份
4,002768,国恩股份
5,002652,扬子新材
6,002204,大连重工
7,002633,申科股份
8,002636,金安国纪
9,603868,飞科电器
10,002702,海欣食品
11,002661,克明面业
12,603726,朗迪集团
13,603701,德宏股份
14,300474,景嘉微
15,603798,康普顿
16,300508,维宏股份
17,002407,多氟多
18,603618,杭电股份
19,000593,大通燃气
20,000632,三木集团
21,300242,明家联合
22,603028,赛福天
23,002656,摩登大道
24,002032,苏泊尔
25,002242,九阳股份
26,300051,三五互联
27,300372,欣泰电气
28,002729,好利来
29,002326,永太科技
30,002225,濮耐股份
31,002610,爱康科技
32,000153,丰原药业
33,000780,平庄能源
34,002466,天齐锂业
35,000503,海虹控股
36,002035,华帝股份
37,002782,可立克
38,600796,钱江生化
39,000595,宝塔实业
40,002175,东方网络
41,000890,法尔胜
42,000418,小天鹅A
43,300324,旋极信息
44,002508,老板电器
45,002192,融捷股份
46,300040,九洲电气
47,002781,奇信股份
48,002770,科迪乳业
49,600527,江南高纤
50,300478,杭州高新
51,002632,道明光学
52,600054,黄山旅游
53,002213,特尔佳
54,002643,万润股份
55,002629,仁智油服
56,600419,天润乳业
57,002614,蒙发利
58,002788,鹭燕医药
59,603306,华懋科技
60,600383,金地集团
61,000590,启迪古汉
62,000700,模塑科技
63,300141,和顺电气
64,300327,中颖电子
65,002460,赣锋锂业
66,002709,天赐材料
67,002241,歌尔声学
68,600156,华升股份
69,002779,中坚科技
70,600694,大商股份
71,002510,天汽模
72,600356,恒丰纸业
73,600681,万鸿集团
74,000078,海王生物
75,300466,赛摩电气
76,300160,秀强股份
77,002575,群兴玩具
78,002638,勤上光电
79,600467,好当家
80,603616,韩建河山
81,000820,金城股份
82,002616,长青集团
83,300157,恒泰艾普
84,300374,恒通科技
85,002583,海能达
86,600250,南纺股份
87,000915,山大华特
88,002062,宏润建设
89,002240,威华股份
90,000404,华意压缩
91,002630,华西能源
92,300377,赢时胜
93,601799,星宇股份
94,601113,华鼎股份
95,300093,金刚玻璃
96,000400,许继电气
97,300443,金雷风电
98,002138,顺络电子
99,002496,辉丰股份
100,300006,莱美药业
101,600075,新疆天业
102,300379,东方通
103,300447,全信股份
104,002059,云南旅游
105,300321,同大股份
106,002380,科远股份
107,300083,劲胜精密
108,000536,华映科技
109,002539,新都化工
110,002212,南洋股份
111,002560,通达股份
112,600275,武昌鱼
113,002705,新宝股份
114,002765,蓝黛传动
115,600072,钢构工程
116,600962,国投中鲁
117,000659,*ST中富
118,600593,大连圣亚
119,002604,龙力生物
120,300491,通合科技
121,000662,索芙特
122,002123,荣信股份
123,600733,S前锋
124,000510,*ST金路
125,600767,运盛医疗
126,300311,任子行
127,002518,科士达
128,000037,*ST南电A
129,603778,乾景园林
130,002437,誉衡药业
131,300216,千山药机
132,300249,依米康
133,002522,浙江众成
134,000513,丽珠集团
135,600386,北巴传媒
136,002677,浙江美大
137,600763,通策医疗
138,002350,北京科锐
139,000895,双汇发展
140,002078,太阳纸业
141,002597,金禾实业
142,300451,创业软件
143,000680,山推股份
144,300246,宝莱特
145,600076,康欣新材
146,002727,一心堂
147,300014,亿纬锂能
148,002298,中电鑫龙
149,000810,创维数字
150,603126,中材节能
151,300247,乐金健康
152,603001,奥康国际
153,002776,柏堡龙
154,000798,中水渔业
155,002373,千方科技
156,002195,二三四五
157,002777,久远银海
158,000059,华锦股份
159,000803,金宇车城
160,300073,当升科技
161,300091,金通灵
162,002372,伟星新材
163,300113,顺网科技
164,002364,中恒电气
165,002475,立讯精密
166,002473,圣莱达
167,000839,中信国安
168,600594,益佰制药
169,002140,东华科技
170,002037,久联发展
171,002084,海鸥卫浴
172,603996,中新科技
173,002634,棒杰股份
174,002601,佰利联
175,002334,英威腾
176,300289,利德曼
177,002014,永新股份
178,600101,明星电力
179,002030,达安基因
180,600602,仪电电子
181,300031,宝通科技
182,002058,威尔泰
183,603023,威帝股份
184,002479,富春环保
185,000785,武汉中商
186,000609,绵世股份
187,300256,星星科技
188,002191,劲嘉股份
189,300427,红相电力
190,002411,必康股份
191,002357,富临运业
192,300414,中光防雷
193,600312,平高电气
194,300476,胜宏科技
195,002074,国轩高科
196,002210,飞马国际
197,002098,浔兴股份
198,000972,新中基
199,603088,宁波精达
200,002593,日上集团
201,002358,森源电气
202,002093,国脉科技
203,002602,世纪华通
204,000819,岳阳兴长
205,300227,光韵达
206,300062,中能电气
207,300135,宝利国际
208,000596,古井贡酒
209,002533,金杯电工
210,000564,西安民生
211,002261,拓维信息
212,600455,博通股份
213,300162,雷曼股份
214,000909,数源科技
215,600198,大唐电信
216,002026,山东威达
217,002747,埃斯顿
218,300356,光一科技
219,002341,新纶科技
220,300390,天华超净
221,000967,盈峰环境
222,000797,中国武夷
223,002615,哈尔斯
224,002529,海源机械
225,300153,科泰电源
226,300496,中科创达
227,600697,欧亚集团
228,300080,易成新能
229,002760,凤形股份
230,002418,康盛股份
231,300217,东方电热
232,600298,安琪酵母
233,002105,信隆实业
234,002053,云南盐化
235,000333,美的集团
236,300139,晓程科技
237,600355,精伦电子
238,300199,翰宇药业
239,002359,齐星铁塔
240,300277,海联讯
241,600173,卧龙地产
242,603066,音飞储存
243,002426,胜利精密
244,300209,天泽信息
245,002495,佳隆股份
246,300009,安科生物
247,000584,友利控股
248,002323,雅百特
249,300059,东方财富
250,601880,大连港
251,600493,凤竹纺织
252,600568,中珠控股
253,300037,新宙邦
254,000035,中国天楹
255,603003,龙宇燃油
256,300048,合康变频
257,600559,老白干酒
258,002589,瑞康医药
259,000861,海印股份
260,000561,烽火电子
261,002131,利欧股份
262,300033,同花顺
263,002153,石基信息
264,002772,众兴菌业
265,000622,恒立实业
266,002217,合力泰
267,603368,柳州医药
268,002118,紫鑫药业
269,600346,大橡塑
270,000548,湖南投资
271,300435,中泰股份
272,002740,爱迪尔
273,000995,*ST皇台
274,002425,凯撒股份
275,002719,麦趣尔
276,600917,重庆燃气
277,300259,新天科技
278,600750,江中药业
279,300103,达刚路机
280,300114,中航电测
281,002749,国光股份
282,002482,广田股份
283,300056,三维丝
284,300376,易事特
285,002387,黑牛食品
286,002642,荣之联
287,002484,江海股份
288,603866,桃李面包
289,002786,银宝山新
290,603518,维格娜丝
291,300036,超图软件
292,600155,宝硕股份
293,600884,杉杉股份
294,300370,安控科技
295,002117,东港股份
296,002034,美欣达
297,600797,浙大网新
298,600405,动力源
299,002546,新联电子
300,300468,四方精创
301,002279,久其软件
302,600105,永鼎股份
303,600725,云维股份
304,300500,苏州设计
305,000987,广州友谊
306,002623,亚玛顿
307,002724,海洋王
308,300061,康耐特
309,300268,万福生科
310,002208,合肥城建
311,002235,安妮股份
312,603936,博敏电子
313,002096,南岭民爆
314,600193,创兴资源
315,600130,波导股份
316,300463,迈克生物
317,000869,张裕A
318,002635,安洁科技
319,300016,北陆药业
320,002148,北纬通信
321,300264,佳创视讯
322,603997,继峰股份
323,002452,长高集团
324,002047,宝鹰股份
325,000921,海信科龙
326,002382,蓝帆医疗
327,600093,禾嘉股份
328,000411,英特集团
329,002657,中科金财
330,600680,上海普天
331,002733,雄韬股份
332,002431,棕榈股份
333,300348,长亮科技
334,600519,贵州茅台
335,300345,红宇新材
336,300078,思创医惠
337,600997,开滦股份
338,300068,南都电源
339,000812,陕西金叶
340,600678,四川金顶
341,002512,达华智能
342,002419,天虹商场
343,002374,丽鹏股份
344,600706,曲江文旅
345,601886,江河集团
346,300171,东富龙
347,300066,三川智慧
348,300206,理邦仪器
349,300501,海顺新材
350,300358,楚天科技
351,002660,茂硕电源
352,002504,弘高创意
353,002258,利尔化学
354,600452,涪陵电力
355,300145,南方泵业
356,002543,万和电气
357,600525,长园集团
358,002462,嘉事堂
359,002223,鱼跃医疗
360,002189,利达光电
361,002586,围海股份
362,300205,天喻信息
363,002388,新亚制程
364,000525,红太阳
365,002276,万马股份
366,002139,拓邦股份
367,600599,熊猫金控
368,002050,三花股份
369,000049,德赛电池
370,603166,福达股份
371,300494,盛天网络
372,600084,中葡股份
373,603377,东方时尚
374,600566,济川药业
375,000018,神州长城
376,601567,三星医疗
377,300069,金利华电
378,300394,天孚通信
379,300181,佐力药业
380,000901,航天科技
381,300119,瑞普生物
382,300483,沃施股份
383,300248,新开普
384,300467,迅游科技
385,601208,东材科技
386,000025,特力A
387,002603,以岭药业
388,300431,暴风科技
389,600563,法拉电子
390,000557,*ST广夏
391,300029,天龙光电
392,300149,量子高科
393,000576,广东甘化
394,002292,奥飞娱乐
395,000957,中通客车
396,002464,金利科技
397,002580,圣阳股份
398,600778,友好集团
399,603636,南威软件
400,300001,特锐德
401,000750,国海证券
402,002027,分众传媒
403,300075,数字政通
404,600167,联美控股
405,002664,信质电机
406,300328,宜安科技
407,002141,蓉胜超微
408,300288,朗玛信息
409,002031,巨轮智能
410,002402,和而泰
411,300306,远方光电
412,002229,鸿博股份
413,300232,洲明科技
414,300077,国民技术
415,603398,邦宝益智
416,002711,欧浦智网
417,002165,红宝丽
418,600794,保税科技
419,002097,山河智能
420,300151,昌红科技
421,300438,鹏辉能源
422,000887,中鼎股份
423,002625,龙生股份
424,002725,跃岭股份
425,601608,中信重工
426,300228,富瑞特装
427,002723,金莱特
428,600969,郴电国际
429,603600,永艺股份
430,002108,沧州明珠
431,000695,滨海能源
432,002150,通润装备
433,300319,麦捷科技
434,300065,海兰信
435,002351,漫步者
436,000888,峨眉山A
437,300168,万达信息
438,300485,赛升药业
439,000613,大东海A
440,300493,润欣科技
441,600898,三联商社
442,600536,中国软件
443,002183,怡亚通
444,300047,天源迪科
445,000534,万泽股份
446,300197,铁汉生态
447,300300,汉鼎股份
448,300138,晨光生物
449,002584,西陇科学
450,002688,金河生物
451,300187,永清环保
452,000523,广州浪奇
453,603919,金徽酒
454,600186,莲花健康
455,300207,欣旺达
456,000599,青岛双星
457,300389,艾比森
458,000410,沈阳机床
459,002528,英飞拓
460,000733,振华科技
461,002304,洋河股份
462,002718,友邦吊顶
463,600190,锦州港
464,000040,宝安地产
465,002186,全聚德
466,000691,亚太实业
467,600830,香溢融通
468,600213,亚星客车
469,002174,游族网络
470,300152,科融环境
471,600892,宝诚股份
472,000403,ST生化
473,002045,国光电器
474,002516,旷达科技
475,603696,安记食品
476,002789,建艺集团
477,002134,天津普林
478,300027,华谊兄弟
479,601139,深圳燃气
480,002286,保龄宝
481,600176,中国巨石
482,002020,京新药业
483,002441,众业达
484,300353,东土科技
485,300146,汤臣倍健
486,000958,东方能源
487,300310,宜通世纪
488,300097,智云股份
489,002415,海康威视
490,000567,海德股份
491,300244,迪安诊断
492,600376,首开股份
493,600201,生物股份
494,002674,兴业科技
495,600446,金证股份
496,000679,大连友谊
497,300314,戴维医疗
498,002700,新疆浩源
499,002783,凯龙股份
500,300359,全通教育
501,300284,苏交科
502,002513,蓝丰生化
503,300086,康芝药业
504,600645,中源协和
505,601368,绿城水务
506,002769,普路通
507,002414,高德红外
508,300409,道氏技术
509,300302,同有科技
510,002371,七星电子
511,300296,利亚德
512,002670,华声股份
513,002335,科华恒盛
514,000965,天保基建
515,002328,新朋股份
516,300236,上海新阳
517,000670,盈方微
518,600814,杭州解百
519,600707,彩虹股份
520,300482,万孚生物
521,600831,广电网络
522,002486,嘉麟杰
523,002346,柘中股份
524,002631,德尔未来
525,603828,柯利达
526,002218,拓日新能
527,300237,美晨科技
528,600781,辅仁药业
529,601688,华泰证券
530,002227,奥特迅
531,002281,光迅科技
532,600633,浙报传媒
533,002721,金一文化
534,300155,安居宝
535,603998,方盛制药
536,300448,浩云科技
537,300278,华昌达
538,300219,鸿利光电
539,600671,天目药业
540,000016,深康佳A
541,603020,爱普股份
542,300456,耐威科技
543,002467,二六三
544,002627,宜昌交运
545,600348,阳泉煤业
546,603018,设计股份
547,300204,舒泰神
548,601098,中南传媒
549,300252,金信诺
550,000935,四川双马
551,002577,雷柏科技
552,300081,恒信移动
553,002236,大华股份
554,600729,重庆百货
555,000916,华北高速
556,603015,弘讯科技
557,002028,思源电气
558,002224,三力士
559,600810,神马股份
560,002248,华东数控
561,300170,汉得信息
562,600809,山西汾酒
563,002345,潮宏基
564,002412,汉森制药
565,300092,科新机电
566,600268,国电南自
567,300133,华策影视
568,600698,湖南天雁
569,300167,迪威视讯
570,300305,裕兴股份
571,300233,金城医药
572,300480,光力科技
573,002294,信立泰
574,600112,天成控股
575,002605,姚记扑克
576,600243,青海华鼎
577,300365,恒华科技
578,600237,铜峰电子
579,300349,金卡股份
580,002184,海得控制
581,600597,光明乳业
582,002040,南京港
583,000601,韶能股份
584,300030,阳普医疗
585,300294,博雅生物
586,600183,生益科技
587,600476,湘邮科技
588,000650,仁和药业
589,600197,伊力特
590,000710,天兴仪表
591,300449,汉邦高科
592,300413,快乐购
593,002424,贵州百灵
594,600966,博汇纸业
595,002416,爱施德
596,300118,东方日升
597,300433,蓝思科技
598,002571,德力股份
599,600070,浙江富润
600,600249,两面针
601,600211,西藏药业
602,300089,文化长城
603,002403,爱仕达
604,002305,南国置业
605,600643,爱建集团
606,600418,江淮汽车
607,600728,佳都科技
608,002701,奥瑞金
609,603158,腾龙股份
610,002438,江苏神通
611,002338,奥普光电
612,300050,世纪鼎利
613,002667,鞍重股份
614,600649,城投控股
615,600699,均胜电子
616,002531,天顺风能
617,600769,祥龙电业
618,000607,华媒控股
619,603608,天创时尚
620,000858,五粮液
621,002775,文科园林
622,300350,华鹏飞
623,000988,华工科技
624,002280,联络互动
625,600807,天业股份
626,002222,福晶科技
627,002253,川大智胜
628,300087,荃银高科
629,300120,经纬电材
630,603869,北部湾旅
631,300273,和佳股份
632,300122,智飞生物
633,002368,太极股份
634,000782,美达股份
635,600460,士兰微
636,002763,汇洁股份
637,601991,大唐发电
638,002322,理工监测
639,600679,上海凤凰
640,600784,鲁银投资
641,002527,新时达
642,600959,江苏有线
643,603979,金诚信
644,600537,亿晶光电
645,300003,乐普医疗
646,000520,长航凤凰
647,300318,博晖创新
648,002502,骅威股份
649,600727,鲁北化工
650,002216,三全食品
651,603598,引力传媒
652,300479,神思电子
653,300213,佳讯飞鸿
654,601238,广汽集团
655,300015,爱尔眼科
656,300079,数码视讯
657,601566,九牧王
658,300261,雅本化学
659,300222,科大智能
660,600503,华丽家族
661,300196,长海股份
662,300272,开能环保
663,000529,广弘控股
664,002581,未名医药
665,002455,百川股份
666,600133,东湖高新
667,002787,华源包装
668,300190,维尔利
669,600069,银鸽投资
670,601198,东兴证券
671,002722,金轮股份
672,603566,普莱柯
673,600693,东百集团
674,600722,金牛化工
675,600200,江苏吴中
676,600872,中炬高新
677,002313,日海通讯
678,002557,洽洽食品
679,600561,江西长运
680,600060,海信电器
681,300098,高新兴
682,002523,天桥起重
683,002151,北斗星通
684,300386,飞天诚信
685,300094,国联水产
686,000065,北方国际
687,002503,搜于特
688,300193,佳士科技
689,002679,福建金森
690,300400,劲拓股份
691,300453,三鑫医疗
692,600509,天富能源
693,000673,当代东方
694,002726,龙大肉食
695,002572,索菲亚
696,300351,永贵电器
697,002271,东方雨虹
698,603300,华铁科技
699,300440,运达科技
700,000615,湖北金环
701,002653,海思科
702,300291,华录百纳
703,300076,GQY视讯
704,600289,亿阳信通
705,002273,水晶光电
706,002137,麦达数字
707,000882,华联股份
708,002333,罗普斯金
709,002690,美亚光电
710,300315,掌趣科技
711,300018,中元华电
712,300369,绿盟科技
713,002036,联创电子
714,000697,炼石有色
715,300231,银信科技
716,300070,碧水源
717,300421,力星股份
718,600677,航天通信
719,300406,九强生物
720,002106,莱宝高科
721,300161,华中数控
722,002404,嘉欣丝绸
723,002126,银轮股份
724,300411,金盾股份
725,000910,大亚科技
726,002381,双箭股份
727,002067,景兴纸业
728,300352,北信源
729,002010,传化股份
730,600137,浪莎股份
731,002672,东江环保
732,600118,中国卫星
733,603169,兰石重装
734,300263,隆华节能
735,600615,丰华股份
736,300191,潜能恒信
737,600403,大有能源
738,002296,辉煌科技
739,600461,洪城水业
740,002033,丽江旅游
741,300176,鸿特精密
742,300200,高盟新材
743,000056,皇庭国际
744,002274,华昌化工
745,600109,国金证券
746,600973,宝胜股份
747,600827,百联股份
748,000683,远兴能源
749,002048,宁波华翔
750,603369,今世缘
751,000158,常山股份
752,300017,网宿科技
753,002264,新华都
754,300490,华自科技
755,600703,三安光电
756,600735,新华锦
757,300444,双杰电气
758,000521,美菱电器
759,600088,中视传媒
760,603366,日出东方
761,002245,澳洋顺昌
762,600862,南通科技
763,002077,大港股份
764,002095,生意宝
765,000516,国际医学
766,300124,汇川技术
767,300144,宋城演艺
768,300322,硕贝德
769,300099,尤洛卡
770,600406,国电南瑞
771,600387,海越股份
772,002111,威海广泰
773,300397,天和防务
774,600241,时代万恒
775,002188,巴士在线
776,002268,卫士通
777,002054,德美化工
778,002756,永兴特钢
779,002162,悦心健康
780,002215,诺普信
781,600116,三峡水利
782,000402,金融街
783,002613,北玻股份
784,603355,莱克电气
785,600661,新南洋
786,002536,西泵股份
787,300058,蓝色光标
788,600136,道博股份
789,600479,千金药业
790,000886,海南高速
791,600345,长江通信
792,600617,国新能源
793,002442,龙星化工
794,600961,株冶集团
795,601216,君正集团
796,300486,东杰智能
797,000676,智度投资
798,300385,雪浪环境
799,000977,浪潮信息
800,002790,瑞尔特
801,600185,格力地产
802,002158,汉钟精机
803,600321,国栋建设
804,002417,三元达
805,600515,海航基础
806,002171,楚江新材
807,600570,恒生电子
808,603199,九华旅游
809,600336,澳柯玛
810,002144,宏达高科
811,300230,永利股份
812,300134,大富科技
813,002297,博云新材
814,600303,曙光股份
815,002081,金螳螂
816,600881,亚泰集团
817,000951,中国重汽
818,600285,羚锐制药
819,603999,读者传媒
820,601007,金陵饭店
821,300286,安科瑞
822,300131,英唐智控
823,002694,顾地科技
824,002699,美盛文化
825,002449,国星光电
826,300074,华平股份
827,300254,仟源医药
828,000050,深天马A
829,002472,双环传动
830,300336,新文化
831,000012,南玻A
832,300106,西部牧业
833,002290,禾盛新材
834,600168,武汉控股
835,000530,大冷股份
836,000760,斯太尔
837,603588,高能环境
838,002066,瑞泰科技
839,603698,航天工程
840,601801,皖新传媒
841,300108,双龙股份
842,300102,乾照光电
843,600178,东安动力
844,600470,六国化工
845,002143,印纪传媒
846,002681,奋达科技
847,300178,腾邦国际
848,002156,通富微电
849,002022,科华生物
850,002564,天沃科技
851,600150,中国船舶
852,603012,创力集团
853,300274,阳光电源
854,603116,红蜻蜓
855,002432,九安医疗
856,300326,凯利泰
857,600337,美克家居
858,002309,中利科技
859,300150,世纪瑞尔
860,300044,赛为智能
861,002343,慈文传媒
862,300270,中威电子
863,002197,证通电子
864,002275,桂林三金
865,000546,金圆股份
866,300339,润和软件
867,300280,南通锻压
868,000656,金科股份
869,600061,国投安信
870,002315,焦点科技
871,001896,豫能控股
872,002073,软控股份
873,000922,佳电股份
874,300128,锦富新材
875,002009,天奇股份
876,600523,贵航股份
877,002465,海格通信
878,002519,银河电子
879,300177,中海达
880,000068,华控赛格
881,600858,银座股份
882,002553,南方轴承
883,300002,神州泰岳
884,300011,鼎汉技术
885,603025,大豪科技
886,000759,中百集团
887,300147,香雪制药
888,300295,三六五网
889,603123,翠微股份
890,300455,康拓红外
891,300333,兆日科技
892,300121,阳谷华泰
893,300471,厚普股份
894,603969,银龙股份
895,002119,康强电子
896,600158,中体产业
897,002243,通产丽星
898,002532,新界泵业
899,300253,卫宁健康
900,002534,杭锅股份
901,002193,山东如意
902,002332,仙琚制药
903,600066,宇通客车
904,600644,乐山电力
905,601999,出版传媒
906,300255,常山药业
907,600529,山东药玻
908,002104,恒宝股份
909,600641,万业企业
910,002396,星网锐捷
911,600510,黑牡丹
912,002196,方正电机
913,002325,洪涛股份
914,300320,海达股份
915,000488,晨鸣纸业
916,300473,德尔股份
917,603002,宏昌电子
918,000637,茂化实华
919,002474,榕基软件
920,002145,中核钛白
921,002367,康力电梯
922,300039,上海凯宝
923,603818,曲美家居
924,300384,三联虹普
925,600702,沱牌舍得
926,600861,北京城乡
927,300214,日科化学
928,000681,视觉中国
929,002244,滨江集团
930,002666,德联集团
931,601965,中国汽研
932,300005,探路者
933,603315,福鞍股份
934,600099,林海股份
935,000702,正虹科技
936,002109,*ST兴化
937,002645,华宏科技
938,300398,飞凯材料
939,300357,我武生物
940,002339,积成电子
941,002435,长江润发
942,600981,汇鸿集团
943,000678,襄阳轴承
944,002574,明牌珠宝
945,002680,长生生物
946,000801,四川九洲
947,300461,田中精机
948,600730,中国高科
949,002457,青龙管业
950,001979,招商蛇口
951,000407,胜利股份
952,600785,新华百货
953,300262,巴安水务
954,600361,华联综超
955,600151,航天机电
956,000919,金陵药业
957,600064,南京高科
958,300052,中青宝
959,002234,民和股份
960,600187,国中水务
961,002094,青岛金王
962,000592,平潭发展
963,300130,新国都
964,600225,天津松江
965,600396,金山股份
966,603555,贵人鸟
967,000800,一汽轿车
968,002517,恺英网络
969,300067,安诺其
970,300293,蓝英装备
971,600119,长江投资
972,600975,新五丰
973,600439,瑞贝卡
974,600976,健民集团
975,300378,鼎捷软件
976,600686,金龙汽车
977,600682,南京新百
978,300418,昆仑万维
979,600521,华海药业
980,002362,汉王科技
981,002007,华兰生物
982,600789,鲁抗医药
983,002001,新 和 成
984,600880,博瑞传播
985,000777,中核科技
986,002330,得利斯
987,300198,纳川股份
988,600859,王府井
989,002263,大东南
990,300148,天舟文化
991,002409,雅克科技
992,300245,天玑科技
993,601788,光大证券
994,002086,东方海洋
995,600048,保利地产
996,000099,中信海直
997,300399,京天利
998,000851,高鸿股份
999,000150,宜华健康
1000,600805,悦达投资
1001,300439,美康生物
1002,600077,宋都股份
1003,000716,黑芝麻
1004,300143,星河生物
1005,300329,海伦钢琴
1006,002303,美盈森
1007,603567,珍宝岛
1008,300373,扬杰科技
1009,002265,西仪股份
1010,002651,利君股份
1011,300175,朗源股份
1012,600624,复旦复华
1013,002285,世联行
1014,300041,回天新材
1015,000061,农产品
1016,000668,荣丰控股
1017,002530,丰东股份
1018,600316,洪都航空
1019,603589,口子窖
1020,600823,世茂股份
1021,600351,亚宝药业
1022,000597,东北制药
1023,002558,世纪游轮
1024,300404,博济医药
1025,603508,思维列控
1026,002327,富安娜
1027,300154,瑞凌股份
1028,600860,京城股份
1029,002003,伟星股份
1030,603766,隆鑫通用
1031,000868,安凯客车
1032,000926,福星股份
1033,002470,金正大
1034,300174,元力股份
1035,300388,国祯环保
1036,000948,南天信息
1037,002468,艾迪西
1038,002459,天业通联
1039,600605,汇通能源
1040,300396,迪瑞医疗
1041,600854,春兰股份
1042,600719,大连热电
1043,600266,北京城建
1044,000902,新洋丰
1045,600039,四川路桥
1046,000639,西王食品
1047,300109,新开源
1048,002650,加加食品
1049,600466,蓝光发展
1050,002113,天润控股
1051,603328,依顿电子
1052,600845,宝信软件
1053,600138,中青旅
1054,603989,艾华集团
1055,300010,立思辰
1056,300363,博腾股份
1057,002063,远光软件
1058,002490,山东墨龙
1059,002017,东信和平
1060,000811,烟台冰轮
1061,300132,青松股份
1062,603222,济民制药
1063,002606,大连电瓷
1064,600833,第一医药
1065,000859,国风塑业
1066,000581,威孚高科
1067,600104,上汽集团
1068,600619,海立股份
1069,600742,一汽富维
1070,601012,隆基股份
1071,000776,广发证券
1072,000978,桂林旅游
1073,002101,广东鸿图
1074,000010,深华新
1075,002206,海利得
1076,603800,道森股份
1077,000532,力合股份
1078,300107,建新股份
1079,603599,广信股份
1080,600819,耀皮玻璃
1081,002706,良信电器
1082,300371,汇中股份
1083,002436,兴森科技
1084,002029,七匹狼
1085,002617,露笑科技
1086,002658,雪迪龙
1087,600506,香梨股份
1088,000416,民生控股
1089,002320,海峡股份
1090,600239,云南城投
1091,600826,兰生股份
1092,600573,惠泉啤酒
1093,600812,华北制药
1094,000625,长安汽车
1095,300136,信维通信
1096,601900,南方传媒
1097,002099,海翔药业
1098,002262,恩华药业
1099,002595,豪迈科技
1100,002537,海立美达
1101,600705,中航资本
1102,600756,浪潮软件
1103,603111,康尼机电
1104,601727,上海电气
1105,600995,文山电力
1106,000788,北大医药
1107,000156,华数传媒
1108,300239,东宝生物
1109,600834,申通地铁
1110,300007,汉威电子
1111,300112,万讯自控
1112,002391,长青股份
1113,000069,华侨城A
1114,002494,华斯股份
1115,600517,置信电气
1116,002707,众信旅游
1117,300250,初灵信息
1118,000600,建投能源
1119,603729,龙韵股份
1120,600993,马应龙
1121,603108,润达医疗
1122,000563,陕国投A
1123,002551,尚荣医疗
1124,300258,精锻科技
1125,600009,上海机场
1126,600085,同仁堂
1127,000813,天山纺织
1128,002256,彩虹精化
1129,603026,石大胜华
1130,002133,广宇集团
1131,600287,江苏舜天
1132,002715,登云股份
1133,600171,上海贝岭
1134,002115,三维通信
1135,300156,神雾环保
1136,600743,华远地产
1137,600229,城市传媒
1138,002011,盾安环境
1139,603883,老百姓
1140,002761,多喜爱
1141,600052,浙江广厦
1142,300469,信息发展
1143,600449,宁夏建材
1144,600103,青山纸业
1145,002202,金风科技
1146,002743,富煌钢构
1147,600100,同方股份
1148,000971,高升控股
1149,300082,奥克股份
1150,603939,益丰药房
1151,002695,煌上煌
1152,002731,萃华珠宝
1153,300297,蓝盾股份
1154,600429,三元股份
1155,600421,仰帆控股
1156,002550,千红制药
1157,000151,中成股份
1158,600382,广东明珠
1159,002408,齐翔腾达
1160,002509,天广消防
1161,002698,博实股份
1162,002750,龙津药业
1163,603118,共进股份
1164,300269,联建光电
1165,603006,联明股份
1166,000863,三湘股份
1167,002083,孚日股份
1168,600053,九鼎投资
1169,002730,电光科技
1170,000672,上峰水泥
1171,600217,秦岭水泥
1172,600658,电子城
1173,600055,华润万东
1174,000837,秦川机床
1175,002393,力生制药
1176,600216,浙江医药
1177,300266,兴源环境
1178,300415,伊之密
1179,600074,保千里
1180,600718,东软集团
1181,002780,三夫户外
1182,300210,森远股份
1183,601336,新华保险
1184,002121,科陆电子
1185,300179,四方达
1186,600415,小商品城
1187,000009,中国宝安
1188,300137,先河环保
1189,000722,湖南发展
1190,002214,大立科技
1191,300407,凯发电气
1192,000096,广聚能源
1193,000753,漳州发展
1194,002376,新北洋
1195,002669,康达新材
1196,600673,东阳光科
1197,000809,铁岭新城
1198,002456,欧菲光
1199,600278,东方创业
1200,000880,潍柴重机
1201,002170,芭田股份
1202,300260,新莱应材
1203,300346,南大光电
1204,002360,同德化工
1205,600016,民生银行
1206,000502,绿景控股
1207,300101,振芯科技
1208,002231,奥维通信
1209,600657,信达地产
1210,002752,昇兴股份
1211,601890,亚星锚链
1212,002497,雅化集团
1213,002713,东易日盛
1214,601700,风范股份
1215,603686,龙马环卫
1216,002238,天威视讯
1217,002051,中工国际
1218,002277,友阿股份
1219,002401,中海科技
1220,600288,大恒科技
1221,600876,洛阳玻璃
1222,000048,康达尔
1223,002420,毅昌股份
1224,300354,东华测试
1225,000021,深科技
1226,300458,全志科技
1227,601789,宁波建工
1228,600695,绿庭投资
1229,002324,普利特
1230,002311,海大集团
1231,002758,华通医药
1232,600098,广州发展
1233,002483,润邦股份
1234,600741,华域汽车
1235,600036,招商银行
1236,600037,歌华有线
1237,600890,中房股份
1238,300158,振东制药
1239,600555,海航创新
1240,002282,博深工具
1241,600258,首旅酒店
1242,000979,中弘股份
1243,603099,长白山
1244,600776,东方通信
1245,601313,江南嘉捷
1246,600435,北方导航
1247,000939,凯迪生态
1248,002226,江南化工
1249,600575,皖江物流
1250,600008,首创股份
1251,603606,东方电缆
1252,000816,智慧农业
1253,002778,高科石化
1254,603609,禾丰牧业
1255,300312,邦讯技术
1256,600257,大湖股份
1257,300442,普丽盛
1258,300276,三丰智能
1259,000605,渤海股份
1260,000705,浙江震元
1261,600218,全柴动力
1262,000790,华神集团
1263,600325,华发股份
1264,600978,宜华木业
1265,603000,人民网
1266,600983,惠而浦
1267,002644,佛慈制药
1268,600481,双良节能
1269,600869,智慧能源
1270,600764,中电广通
1271,002187,广百股份
1272,600129,太极集团
1273,600422,昆药集团
1274,300004,南风股份
1275,600664,哈药股份
1276,603333,明星电缆
1277,000783,长江证券
1278,000815,美利纸业
1279,002397,梦洁家纺
1280,002400,省广股份
1281,600078,澄星股份
1282,601633,长城汽车
1283,002337,赛象科技
1284,300024,机器人
1285,000036,华联控股
1286,603309,维力医疗
1287,300013,新宁物流
1288,300235,方直科技
1289,300424,航新科技
1290,300012,华测检测
1291,002545,东方铁塔
1292,000591,太阳能
1293,600106,重庆路桥
1294,600498,烽火通信
1295,002317,众生药业
1296,000070,特发信息
1297,000906,物产中拓
1298,002329,皇氏集团
1299,600667,太极实业
1300,002185,华天科技
1301,000881,大连国际
1302,600281,太化股份
1303,002178,延华智能
1304,300115,长盈精密
1305,600773,西藏城投
1306,300049,福瑞股份
1307,002430,杭氧股份
1308,601010,文峰股份
1309,000089,深圳机场
1310,600589,广东榕泰
1311,300165,天瑞仪器
1312,000539,粤电力A
1313,300445,康斯特
1314,002136,安纳达
1315,600030,中信证券
1316,600501,航天晨光
1317,600146,商赢环球
1318,002102,冠福股份
1319,600162,香江控股
1320,600588,用友网络
1321,000507,珠海港
1322,600611,大众交通
1323,002451,摩恩电气
1324,600131,岷江水电
1325,002487,大金重工
1326,600739,辽宁成大
1327,300188,美亚柏科
1328,600651,飞乐音响
1329,300105,龙源技术
1330,300172,中电环保
1331,002221,东华能源
1332,601798,蓝科高新
1333,603806,福斯特
1334,603688,石英股份
1335,002478,常宝股份
1336,600051,宁波联合
1337,002079,苏州固锝
1338,002673,西部证券
1339,300271,华宇软件
1340,600079,人福医药
1341,600851,海欣股份
1342,300355,蒙草抗旱
1343,600783,鲁信创投
1344,002559,亚威股份
1345,600333,长春燃气
1346,601016,节能风电
1347,600327,大东方
1348,300317,珈伟股份
1349,600887,伊利股份
1350,603198,迎驾贡酒
1351,002176,江特电机
1352,002194,武汉凡谷
1353,002676,顺威股份
1354,600293,三峡新材
1355,600543,莫高股份
1356,002406,远东传动
1357,600650,锦江投资
1358,600579,天华院
1359,000026,飞亚达A
1360,002659,中泰桥梁
1361,002299,圣农发展
1362,300364,中文在线
1363,000043,中航地产
1364,603558,健盛集团
1365,002422,科伦药业
1366,600082,海泰发展
1367,000058,深 赛 格
1368,600436,片仔癀
1369,002476,宝莫股份
1370,600637,东方明珠
1371,002579,中京电子
1372,002746,仙坛股份
1373,603227,雪峰科技
1374,600143,金发科技
1375,603788,宁波高发
1376,300367,东方网力
1377,002538,司尔特
1378,600652,游久游戏
1379,000938,紫光股份
1380,000931,中关村
1381,600723,首商股份
1382,002785,万里石
1383,600818,中路股份
1384,300309,吉艾科技
1385,300026,红日药业
1386,600726,华电能源
1387,300095,华伍股份
1388,002540,亚太科技
1389,000572,海马汽车
1390,600011,华能国际
1391,600748,上实发展
1392,600545,新疆城建
1393,002049,同方国芯
1394,000936,华西股份
1395,603005,晶方科技
1396,002622,永大集团
1397,600340,华夏幸福
1398,002091,江苏国泰
1399,002471,中超控股
1400,300159,新研股份
1401,603568,伟明环保
1402,600846,同济科技
1403,600712,南宁百货
1404,000667,美好集团
1405,600132,重庆啤酒
1406,000793,华闻传媒
1407,002489,浙江永强
1408,600377,宁沪高速
1409,300208,恒顺众昇
1410,600222,太龙药业
1411,603100,川仪股份
1412,300111,向日葵
1413,002399,海普瑞
1414,601777,力帆股份
1415,002390,信邦制药
1416,300183,东软载波
1417,300408,三环集团
1418,600816,安信信托
1419,002152,广电运通
1420,300395,菲利华
1421,000698,沈阳化工
1422,300387,富邦股份
1423,600894,广日股份
1424,600558,大西洋
1425,002620,瑞和股份
1426,600565,迪马股份
1427,601588,北辰实业
1428,600628,新世界
1429,002433,太安堂
1430,600538,国发股份
1431,002598,山东章鼓
1432,600685,中船防务
1433,002024,苏宁云商
1434,600279,重庆港九
1435,002308,威创股份
1436,300430,诚益通
1437,002124,天邦股份
1438,000155,*ST川化
1439,000606,*ST明胶
1440,002689,远大智能
1441,002588,史丹利
1442,600169,太原重工
1443,002791,坚朗五金
1444,601021,春秋航空
1445,002728,台城制药
1446,603008,喜临门
1447,002161,远望谷
1448,000528,柳工
1449,002561,徐家汇
1450,000903,云内动力
1451,002205,国统股份
1452,600297,广汇汽车
1453,600577,精达股份
1454,002646,青青稞酒
1455,300498,温氏股份
1456,601929,吉视传媒
1457,300325,德威新材
1458,002228,合兴包装
1459,601211,国泰君安
1460,000419,通程控股
1461,600458,时代新材
1462,601009,南京银行
1463,601992,金隅股份
1464,000408,金谷源
1465,600883,博闻科技
1466,002506,协鑫集成
1467,603718,海利生物
1468,000701,厦门信达
1469,601666,平煤股份
1470,600518,康美药业
1471,600774,汉商集团
1472,600135,乐凯胶片
1473,000768,中航飞机
1474,000883,湖北能源
1475,000927,一汽夏利
1476,002166,莱茵生物
1477,300334,津膜科技
1478,600160,巨化股份
1479,601558,华锐风电
1480,600017,日照港
1481,600757,长江传媒
1482,002463,沪电股份
1483,600567,山鹰纸业
1484,600609,金杯汽车
1485,000301,东方市场
1486,600416,湘电股份
1487,600551,时代出版
1488,000533,万家乐
1489,002552,宝鼎科技
1490,000786,北新建材
1491,600000,浦发银行
1492,603167,渤海轮渡
1493,000779,三毛派神
1494,600353,旭光股份
1495,002609,捷顺科技
1496,000541,佛山照明
1497,000505,珠江控股
1498,600587,新华医疗
1499,000062,深圳华强
1500,002498,汉缆股份
1501,600684,珠江实业
1502,600425,青松建化
1503,300034,钢研高纳
1504,000559,万向钱潮
1505,002624,完美环球
1506,000501,鄂武商A
1507,601717,郑煤机
1508,601288,农业银行
1509,601519,大智慧
1510,000876,新希望
1511,300412,迦南科技
1512,601038,一拖股份
1513,601555,东吴证券
1514,600578,京能电力
1515,600380,健康元
1516,002398,建研集团
1517,002004,华邦健康
1518,600893,中航动力
1519,603027,千禾味业
1520,601339,百隆东方
1521,000961,中南建设
1522,000856,*ST冀装
1523,002232,启明信息
1524,601318,中国平安
1525,300257,开山股份
1526,002116,中国海诚
1527,300342,天银机电
1528,600552,方兴科技
1529,600600,青岛啤酒
1530,601908,京运通
1531,000652,泰达股份
1532,000552,靖远煤电
1533,002307,北新路桥
1534,601933,永辉超市
1535,601678,滨化股份
1536,002566,益盛药业
1537,603699,纽威股份
1538,600172,黄河旋风
1539,600291,西水股份
1540,002179,中航光电
1541,000830,鲁西化工
1542,002200,云投生态
1543,600747,大连控股
1544,601218,吉鑫科技
1545,002736,国信证券
1546,000027,深圳能源
1547,000626,如意集团
1548,002732,燕塘乳业
1549,600020,中原高速
1550,601898,中煤能源
1551,000518,四环生物
1552,000860,顺鑫农业
1553,600292,中电远达
1554,603085,天成自控
1555,002154,报喜鸟
1556,300055,万邦达
1557,000063,中兴通讯
1558,002427,尤夫股份
1559,002792,通宇通讯
1560,600367,红星发展
1561,600059,古越龙山
1562,002146,荣盛发展
1563,600557,康缘药业
1564,000682,东方电子
1565,600583,海油工程
1566,603223,恒通股份
1567,600780,通宝能源
1568,000558,莱茵体育
1569,600317,营口港
1570,600850,华东电脑
1571,000005,世纪星源
1572,603288,海天味业
1573,000598,兴蓉环境
1574,600163,中闽能源
1575,002570,贝因美
1576,600865,百大集团
1577,600839,四川长虹
1578,600958,东方证券
1579,601106,中国一重
1580,600716,凤凰股份
1581,600208,新湖中宝
1582,002302,西部建设
1583,002639,雪人股份
1584,300212,易华录
1585,600965,福成五丰
1586,600062,华润双鹤
1587,000738,中航动控
1588,000728,国元证券
1589,600992,贵绳股份
1590,600653,申华控股
1591,002142,宁波银行
1592,002355,兴民钢圈
1593,600535,天士力
1594,601000,唐山港
1595,601311,骆驼股份
1596,002041,登海种业
1597,600790,轻纺城
1598,600896,中海海盛
1599,002071,长城影视
1600,600491,龙元建设
1601,002342,巨力索具
1602,002344,海宁皮城
1603,601579,会稽山
1604,002511,中顺洁柔
1605,300032,金龙机电
1606,600580,卧龙电气
1607,000828,东莞控股
1608,002692,远程电缆
1609,600714,金瑞矿业
1610,300267,尔康制药
1611,601018,宁波港
1612,300203,聚光科技
1613,600836,界龙实业
1614,600676,交运股份
1615,600970,中材国际
1616,600642,申能股份
1617,600123,兰花科创
1618,601166,兴业银行
1619,002621,三垒股份
1620,300234,开尔新材
1621,603308,应流股份
1622,002369,卓翼科技
1623,601996,丰林集团
1624,002130,沃尔核材
1625,600746,江苏索普
1626,600825,新华传媒
1627,600853,龙建股份
1628,601888,中国国旅
1629,000627,天茂集团
1630,000422,湖北宜化
1631,002068,黑猫股份
1632,601377,兴业证券
1633,600765,中航重机
1634,000737,南风化工
1635,300502,新易盛
1636,600512,腾达建设
1637,600886,国投电力
1638,000767,漳泽电力
1639,300304,云意电气
1640,000877,天山股份
1641,002410,广联达
1642,603128,华贸物流
1643,300202,聚龙股份
1644,000666,经纬纺机
1645,600635,大众公用
1646,002671,龙泉股份
1647,300402,宝色股份
1648,600161,天坛生物
1649,600320,振华重工
1650,002319,乐通股份
1651,600420,现代制药
1652,600125,铁龙物流
1653,603022,新通联
1654,002100,天康生物
1655,002310,东方园林
1656,002233,塔牌集团
1657,000756,新华制药
1658,002269,美邦服饰
1659,300316,晶盛机电
1660,600308,华泰股份
1661,600688,上海石化
1662,000587,金叶珠宝
1663,002662,京威股份
1664,600433,冠豪高新
1665,002375,亚厦股份
1666,000900,现代投资
1667,600630,龙头股份
1668,603338,浙江鼎力
1669,002064,华峰氨纶
1670,600662,强生控股
1671,000517,荣安地产
1672,600177,雅戈尔
1673,600639,浦东金桥
1674,000725,京东方A
1675,300347,泰格医药
1676,600261,阳光照明
1677,002163,中航三鑫
1678,600426,华鲁恒升
1679,600572,康恩贝
1680,002203,海亮股份
1681,600715,文投控股
1682,600232,金鹰股份
1683,002480,新筑股份
1684,002267,陕天然气
1685,600999,招商证券
1686,000999,华润三九
1687,000046,泛海控股
1688,000848,承德露露
1689,600803,新奥股份
1690,600159,大龙地产
1691,002042,华孚色纺
1692,601169,北京银行
1693,600273,嘉化能源
1694,600486,扬农化工
1695,601872,招商轮船
1696,002549,凯美特气
1697,600868,梅雁吉祥
1698,000001,平安银行
1699,600560,金自天正
1700,600787,中储股份
1701,600982,宁波热电
1702,600760,中航黑豹
1703,601058,赛轮金宇
1704,600023,浙能电力
1705,600369,西南证券
1706,600532,宏达矿业
1707,601668,中国建筑
1708,601928,凤凰传媒
1709,000166,申万宏源
1710,002596,海南瑞泽
1711,601002,晋亿实业
1712,000566,海南海药
1713,600634,中技控股
1714,600533,栖霞建设
1715,600998,九州通
1716,000715,中兴商业
1717,300240,飞力达
1718,000544,中原环保
1719,600463,空港股份
1720,002266,浙富控股
1721,601258,庞大集团
1722,000430,张家界
1723,000930,中粮生化
1724,002177,御银股份
1725,601998,中信银行
1726,600195,中牧股份
1727,600328,兰太实业
1728,600620,天宸股份
1729,002521,齐峰新材
1730,002607,亚夏汽车
1731,601601,中国太保
1732,600096,云天化
1733,600837,海通证券
1734,600971,恒源煤电
1735,300223,北京君正
1736,600410,华胜天成
1737,002069,獐 子 岛
1738,000623,吉林敖东
1739,600704,物产中大
1740,601226,华电重工
1741,000543,皖能电力
1742,000928,中钢国际
1743,000028,国药一致
1744,601989,中国重工
1745,300229,拓尔思
1746,000908,景峰医药
1747,300337,银邦股份
1748,600616,金枫酒业
1749,000727,华东科技
1750,002025,航天电器
1751,600090,啤酒花
1752,300218,安利股份
1753,601988,中国银行
1754,002125,湘潭电化
1755,002501,利源精制
1756,600207,安彩高科
1757,300054,鼎龙股份
1758,600033,福建高速
1759,601177,杭齿前进
1760,600875,东方电气
1761,600835,上海机电
1762,600815,厦工股份
1763,002039,黔源电力
1764,601158,重庆水务
1765,000989,九 芝 堂
1766,300238,冠昊生物
1767,300380,安硕信息
1768,600885,宏发股份
1769,300129,泰胜风能
1770,601985,中国核电
1771,300185,通裕重工
1772,600626,申达股份
1773,002469,三维工程
1774,600284,浦东建设
1775,000420,吉林化纤
1776,000685,中山公用
1777,000690,宝新能源
1778,600080,金花股份
1779,601877,正泰电器
1780,000538,云南白药
1781,000413,东旭光电
1782,000966,长源电力
1783,002481,双塔食品
1784,601515,东风股份
1785,601901,方正证券
1786,300022,吉峰农机
1787,300211,亿通科技
1788,300470,日机密封
1789,601518,吉林高速
1790,601699,潞安环能
1791,002714,牧原股份
1792,300241,瑞丰光电
1793,600276,恒瑞医药
1794,600238,海南椰岛
1795,600480,凌云股份
1796,000338,潍柴动力
1797,600674,川投能源
1798,601718,际华集团
1799,600462,石岘纸业
1800,600220,江苏阳光
1801,600326,西藏天路
1802,603456,九洲药业
1803,603030,全筑股份
1804,002384,东山精密
1805,000157,中联重科
1806,000897,津滨发展
1807,300393,中来股份
1808,600226,升华拜克
1809,603669,灵康药业
1810,000551,创元科技
1811,002648,卫星石化
1812,601939,建设银行
1813,600252,中恒集团
1814,600613,神奇制药
1815,600283,钱江水利
1816,002737,葵花药业
1817,603168,莎普爱思
1818,600063,皖维高新
1819,600761,安徽合力
1820,000423,东阿阿胶
1821,600018,上港集团
1822,600210,紫江企业
1823,002741,光华科技
1824,600170,上海建工
1825,000616,海航投资
1826,002385,大北农
1827,600027,华电国际
1828,000822,山东海化
1829,600798,宁波海运
1830,601179,中国西电
1831,000692,惠天热电
1832,600227,赤天化
1833,300126,锐奇股份
1834,600038,中直股份
1835,600313,农发种业
1836,300403,地尔汉宇
1837,600068,葛洲坝
1838,000875,吉电股份
1839,600963,岳阳林纸
1840,600900,长江电力
1841,600270,外运发展
1842,600754,锦江股份
1843,600979,广安爱众
1844,600824,益民集团
1845,601006,大秦铁路
1846,603011,合锻股份
1847,600067,冠城大通
1848,603601,再升科技
1849,600310,桂东电力
1850,300192,科斯伍德
1851,600888,新疆众和
1852,600148,长春一东
1853,000719,大地传媒
1854,002247,帝龙新材
1855,601857,中国石油
1856,000731,四川美丰
1857,000417,合肥百货
1858,600690,青岛海尔
1859,002356,浩宁达
1860,002568,百润股份
1861,600548,深高速
1862,600081,东风科技
1863,600736,苏州高新
1864,600089,特变电工
1865,600516,方大炭素
1866,600820,隧道股份
1867,600717,天津港
1868,000611,*ST蒙发
1869,002252,上海莱士
1870,600290,华仪电气
1871,300375,鹏翎股份
1872,600196,复星医药
1873,600629,华建集团
1874,000712,锦龙股份
1875,002585,双星新材
1876,600057,象屿股份
1877,600621,华鑫股份
1878,600015,华夏银行
1879,000031,中粮地产
1880,002340,格林美
1881,000526,银润投资
1882,002563,森马服饰
1883,600305,恒顺醋业
1884,000726,鲁  泰A
1885,002443,金洲管道
1886,600202,哈空调
1887,002461,珠江啤酒
1888,002678,珠江钢琴
1889,000686,东北证券
1890,002363,隆基机械
1891,002448,中原内配
1892,600388,龙净环保
1893,600987,航民股份
1894,600165,新日恒力
1895,002454,松芝股份
1896,002654,万润科技
1897,002316,键桥通讯
1898,000892,星美联合
1899,002520,日发精机
1900,600332,白云山
1901,600315,上海家化
1902,300425,环能科技
1903,600391,成发科技
1904,300492,山鼎设计
1905,600004,白云机场
1906,600006,东风汽车
1907,600007,中国国贸
1908,600028,中国石化
1909,600035,楚天高速
1910,600094,大名城
1911,600097,开创国际
1912,600113,浙江东日
1913,600120,浙江东方
1914,600122,宏图高科
1915,600139,西部资源
1916,600149,廊坊发展
1917,600153,建发股份
1918,600166,福田汽车
1919,600182,S佳通
1920,600192,长城电工
1921,600199,金种子酒
1922,600209,罗顿发展
1923,600215,长春经开
1924,600219,南山铝业
1925,600221,海南航空
1926,600223,鲁商置业
1927,600228,昌九生化
1928,600236,桂冠电力
1929,600246,万通地产
1930,600260,凯乐科技
1931,600269,赣粤高速
1932,600318,新力金融
1933,600322,天房发展
1934,600329,中新药业
1935,600358,国旅联合
1936,600363,联创光电
1937,600370,三房巷
1938,600381,青海春天
1939,600389,江山股份
1940,600390,金瑞科技
1941,600408,安泰集团
1942,600423,柳化股份
1943,600438,通威股份
1944,600468,百利电气
1945,600469,风神股份
1946,600477,杭萧钢构
1947,600485,信威集团
1948,600487,亨通光电
1949,600488,天药股份
1950,600495,晋西车轴
1951,600499,科达洁能
1952,600502,安徽水利
1953,600505,西昌电力
1954,600511,国药股份
1955,600522,中天科技
1956,600528,中铁二局
1957,600530,交大昂立
1958,600550,保变电气
1959,600556,慧球科技
1960,600571,信雅达
1961,600576,万家文化
1962,600584,长电科技
1963,600592,龙溪股份
1964,600601,方正科技
1965,600640,号百控股
1966,600654,中安消
1967,600663,陆家嘴
1968,600665,天地源
1969,600668,尖峰集团
1970,600696,匹凸匹
1971,600701,工大高新
1972,600708,光明地产
1973,600713,南京医药
1974,600734,实达集团
1975,600738,兰州民百
1976,600740,山西焦化
1977,600744,华银电力
1978,600745,中茵股份
1979,600749,西藏旅游
1980,600751,天海投资
1981,600768,宁波富邦
1982,600770,综艺股份
1983,600822,上海物贸
1984,600843,上工申贝
1985,600844,丹化科技
1986,600847,万里股份
1987,600848,上海临港
1988,600856,中天能源
1989,600857,宁波中百
1990,600863,内蒙华电
1991,600864,哈投股份
1992,600867,通化东宝
1993,600870,厦华电子
1994,600873,梅花生物
1995,600877,中国嘉陵
1996,600879,航天电子
1997,600882,华联矿业
1998,601001,大同煤业
1999,601099,太平洋
2000,601107,四川成渝
2001,601117,中国化学
2002,601168,西部矿业
2003,601188,龙江交通
2004,601328,交通银行
2005,601333,广深铁路
2006,601369,陕鼓动力
2007,601599,鹿港科技
2008,601616,广电电气
2009,601636,旗滨集团
2010,601766,中国中车
2011,601808,中海油服
2012,601818,光大银行
2013,603017,中衡设计
2014,603188,亚邦股份
2015,603268,松发股份
2016,603318,派思股份
2017,603399,新华龙
2018,603519,立霸股份
2019,603611,诺力股份
2020,603808,歌力思
2021,603838,四通股份
2022,603889,新澳股份
2023,603918,金桥信息
2024,000002,万科A
2025,000004,国农科技
2026,000007,全新好
2027,000038,深大通
2028,000159,国际实业
2029,000401,冀东水泥
2030,000409,山东地矿
2031,000415,渤海金控
2032,000429,粤高速A
2033,000498,山东路桥
2034,000509,华塑控股
2035,000524,岭南控股
2036,000537,广宇发展
2037,000547,航天发展
2038,000553,沙隆达A
2039,000555,神州信息
2040,000565,渝三峡A
2041,000568,泸州老窖
2042,000570,苏常柴A
2043,000571,新大洲A
2044,000582,北部湾港
2045,000585,东北电气
2046,000589,黔轮胎A
2047,000603,盛达矿业
2048,000608,阳光股份
2049,000610,西安旅游
2050,000612,焦作万方
2051,000617,*ST济柴
2052,000633,合金投资
2053,000635,英力特
2054,000636,风华高科
2055,000638,万方发展
2056,000651,格力电器
2057,000661,长春高新
2058,000665,湖北广电
2059,000693,华泽钴镍
2060,000717,*ST韶钢
2061,000718,苏宁环球
2062,000720,新能泰山
2063,000736,中房地产
2064,000739,普洛药业
2065,000752,西藏发展
2066,000755,山西三维
2067,000757,浩物股份
2068,000766,通化金马
2069,000789,万年青
2070,000796,凯撒旅游
2071,000799,*ST酒鬼
2072,000806,银河生物
2073,000818,方大化工
2074,000826,启迪桑德
2075,000835,长城动漫
2076,000836,鑫茂科技
2077,000862,银星能源
2078,000893,东凌国际
2079,000899,赣能股份
2080,000912,泸天化
2081,000917,电广传媒
2082,000918,嘉凯城
2083,000920,南方汇通
2084,000923,河北宣工
2085,000925,众合科技
2086,000932,华菱钢铁
2087,000949,新乡化纤
2088,000950,建峰化工
2089,000953,河池化工
2090,000955,欣龙控股
2091,000962,*ST东钽
2092,000963,华东医药
2093,000968,*ST煤气
2094,000975,银泰资源
2095,000982,中银绒业
2096,000990,诚志股份
2097,000993,闽东电力
2098,000997,新大陆
2099,001696,宗申动力
2100,002012,凯恩股份
2101,002013,中航机电
2102,002044,美年健康
2103,002052,同洲电子
2104,002057,中钢天源
2105,002061,*ST江化
2106,002065,东华软件
2107,002070,众和股份
2108,002072,凯瑞德
2109,002076,雪莱特
2110,002089,新海宜
2111,002107,沃华医药
2112,002110,三钢闽光
2113,002112,三变科技
2114,002135,东南网架
2115,002164,宁波东力
2116,002180,艾派克
2117,002190,成飞集成
2118,002199,东晶电子
2119,002201,九鼎新材
2120,002207,准油股份
2121,002209,达意隆
2122,002211,宏达新材
2123,002219,恒康医疗
2124,002230,科大讯飞
2125,002246,北化股份
2126,002272,川润股份
2127,002278,神开股份
2128,002283,天润曲轴
2129,002288,超华科技
2130,002291,星期六
2131,002293,罗莱生活
2132,002306,*ST云网
2133,002312,三泰控股
2134,002314,南山控股
2135,002318,久立特材
2136,002331,皖通科技
2137,002347,泰尔重工
2138,002349,精华制药
2139,002352,鼎泰新材
2140,002354,天神娱乐
2141,002365,永安药业
2142,002366,台海核电
2143,002379,*ST鲁丰
2144,002386,天原集团
2145,002389,南洋科技
2146,002395,双象股份
2147,002405,四维图新
2148,002413,雷科防务
2149,002429,兆驰股份
2150,002434,万里扬
2151,002439,启明星辰
2152,002447,壹桥海参
2153,002485,希努尔
2154,002491,通鼎互联
2155,002492,恒基达鑫
2156,002499,科林环保
2157,002505,大康牧业
2158,002507,涪陵榨菜
2159,002515,金字火腿
2160,002524,光正集团
2161,002542,中化岩土
2162,002547,春兴精工
2163,002554,惠博普
2164,002555,三七互娱
2165,002567,唐人神
2166,002569,步森股份
2167,002573,清新环境
2168,002576,通达动力
2169,002587,奥拓电子
2170,002591,恒大高新
2171,002599,盛通股份
2172,002608,*ST舜船
2173,002611,东方精工
2174,002612,朗姿股份
2175,002628,成都路桥
2176,002647,宏磊股份
2177,002663,普邦园林
2178,002675,东诚药业
2179,002682,龙洲股份
2180,002683,宏大爆破
2181,002686,亿利达
2182,002691,冀凯股份
2183,002696,百洋股份
2184,002703,浙江世宝
2185,002712,思美传媒
2186,002717,岭南园林
2187,002735,王子新材
2188,002739,万达院线
2189,002742,三圣特材
2190,002759,天际股份
2191,002762,金发拉比
2192,002766,索菱股份
2193,002771,真视通
2194,300019,硅宝科技
2195,300023,宝德股份
2196,300025,华星创业
2197,300038,梅泰诺
2198,300043,互动娱乐
2199,300045,华力创通
2200,300046,台基股份
2201,300053,欧比特
2202,300057,万顺股份
2203,300063,天龙集团
2204,300071,华谊嘉信
2205,300090,盛运环保
2206,300096,易联众
2207,300104,乐视网
2208,300110,华仁药业
2209,300117,嘉寓股份
2210,300123,太阳鸟
2211,300125,易世达
2212,300142,沃森生物
2213,300163,先锋新材
2214,300164,通源石油
2215,300166,东方国信
2216,300169,天晟新材
2217,300173,智慧松德
2218,300180,华峰超纤
2219,300184,力源信息
2220,300189,神农基因
2221,300201,海伦哲
2222,300220,金运激光
2223,300221,银禧科技
2224,300225,金力泰
2225,300226,上海钢联
2226,300251,光线传媒
2227,300265,通光线缆
2228,300279,和晶科技
2229,300282,汇冠股份
2230,300283,温州宏丰
2231,300285,国瓷材料
2232,300290,荣科科技
2233,300292,吴通控股
2234,300298,三诺生物
2235,300299,富春通信
2236,300301,长方集团
2237,300307,慈星股份
2238,300308,中际装备
2239,300323,华灿光电
2240,300330,华虹计通
2241,300331,苏大维格
2242,300332,天壕环境
2243,300335,迪森股份
2244,300338,开元仪器
2245,300340,科恒股份
2246,300344,太空板业
2247,300362,天翔环境
2248,300366,创意信息
2249,300391,康跃科技
2250,300405,科隆精化
2251,300410,正业科技
2252,300423,鲁亿通
2253,300426,唐德影视
2254,300428,四通新材
2255,300432,富临精工
2256,300434,金石东方
2257,300441,鲍斯股份
2258,300450,先导智能
2259,300457,赢合科技
2260,300462,华铭智能
2261,300464,星徽精密
2262,300465,高伟达
2263,300472,新元科技
2264,300488,恒锋工具
2265,300495,美尚生态
2266,300499,高澜股份
2267,300343,联创股份
2268,600648,外高桥
2269,601607,上海医药
2270,300182,捷成股份
2271,002687,乔治白
2272,601100,恒立液压
2273,002250,联化科技
2274,601233,桐昆股份
2275,600622,嘉宝集团
2276,600771,广誉远
2277,600483,福能股份
2278,600385,山东金泰
2279,000889,茂业通信
2280,600262,北方股份
2281,603885,吉祥航空
2282,000973,佛塑科技
2283,600874,创业环保
2284,000707,双环科技
2285,601390,中国中铁
2286,600610,中毅达
2287,600378,天科股份
2288,600373,中文传媒
2289,000663,永安林业
2290,000088,盐 田 港
2291,600811,东方集团
2292,000677,恒天海龙
2293,601669,中国电建
2294,002445,中南重工
2295,300088,长信科技
2296,601800,中国交建
2297,000761,本钢板材
2298,002440,闰土股份
2299,000762,西藏矿业
2300,002392,北京利尔
2301,002446,盛路通信
2302,300084,海默科技
2303,600073,上海梅林
2304,603010,万盛股份
2305,600475,华光股份
2306,600379,宝光股份
2307,002023,海特高新
2308,300243,瑞丰高材
2309,002149,西部材料
2310,600656,退市博元
2311,002159,三特索道
2312,601866,中海集运
2313,000514,渝 开 发
2314,002167,东方锆业
2315,600248,延长化建
2316,002535,林州重机
2317,000506,中润资源
2318,000732,泰禾集团
2319,600267,海正药业
2320,300303,聚飞光电
2321,000631,顺发恒业
2322,600687,刚泰控股
2323,002092,中泰化学
2324,300381,溢多利
2325,002002,鸿达兴业
2326,600777,新潮实业
2327,600990,四创电子
2328,000008,神州高铁
2329,600299,安迪苏
2330,000735,罗 牛 山
2331,600612,老凤祥
2332,300341,麦迪电气
2333,300194,福安药业
2334,603789,星光农机
2335,000629,攀钢钒钛
2336,002249,大洋电机
2337,600323,瀚蓝环境
2338,600775,南京熊猫
2339,600795,国电电力
2340,000981,银亿股份
2341,600114,东睦股份
2342,002181,粤 传 媒
2343,002172,澳洋科技
2344,600660,福耀玻璃
2345,000983,西山煤电
2346,000630,铜陵有色
2347,600021,上海电力
2348,002594,比亚迪
2349,000885,同力水泥
2350,600596,新安股份
2351,600838,上海九百
2352,600582,天地科技
2353,603077,和邦生物
2354,000748,长城信息
2355,601028,玉龙股份
2356,000519,江南红箭
2357,300116,坚瑞消防
2358,002548,金新农
2359,002132,恒星科技
2360,603899,晨光文具
2361,600157,永泰能源
2362,600562,国睿科技
2363,002734,利民股份
2364,600802,福建水泥
2365,601398,工商银行
2366,000421,南京中北
2367,600233,大杨创世
2368,002649,博彦科技
2369,600242,中昌海运
2370,002173,*ST千足
2371,000713,丰乐种业
2372,002665,首航节能
2373,600050,中国联通
2374,600255,鑫科材料
2375,002015,霞客环保
2376,002353,杰瑞股份
2377,600692,亚通股份
2378,601919,中国远洋
2379,600655,豫园商城
2380,600638,新黄浦
2381,000850,华茂股份
2382,000531,穗恒运A
2383,300140,启源装备
2384,601968,宝钢包装
2385,002556,辉隆股份
2386,601231,环旭电子
2387,600350,山东高速
2388,002287,奇正藏药
2389,000428,华天酒店
2390,600302,标准股份
2391,600691,阳煤化工
2392,600398,海澜之家
2393,000100,TCL 集团
2394,000030,富奥股份
2395,600240,华业资本
2396,600141,兴发集团
2397,600354,敦煌种业
2398,000540,中天城投
2399,600397,安源煤业
2400,000778,新兴铸管
2401,600175,美都能源
2402,603678,XD火炬电
2403,600368,五洲交通
2404,000560,昆百大A
2405,002254,泰和新材
2406,300275,梅安森
2407,002128,露天煤业
2408,300008,上海佳豪
2409,002160,常铝股份
2410,600666,奥瑞德
2411,600083,博信股份
2412,000952,广济药业
2413,002370,亚太药业
2414,002127,南极电商
2415,600371,万向德农
2416,600871,石化油服
2417,601186,中国铁建
2418,002693,双成药业
2419,000090,天健集团
2420,600309,XD万华化
2421,002383,合众思壮
2422,300401,花园生物
2423,600184,光电股份
2424,000039,中集集团
2425,300021,大禹节水
2426,000711,京蓝科技
2427,601677,明泰铝业
2428,600897,厦门空港
2429,600272,开开实业
2430,002444,巨星科技
2431,600280,中央商场
2432,600031,三一重工
2433,300064,豫金刚石
2434,002618,丹邦科技
2435,000729,燕京啤酒
2436,600189,吉林森工
2437,600758,红阳能源
2438,002260,德奥通航
2439,600683,京投银泰
2440,600110,诺德股份
2441,603117,万林股份
2442,300475,聚隆科技
2443,601116,三江购物
2444,000721,西安饮食
2445,002684,猛狮科技
2446,000586,汇源通信
2447,600400,红豆股份
2448,601008,连云港
2449,600478,科力远
2450,002738,中矿资源
2451,600737,中粮屯河
2452,601628,中国人寿
2453,300215,电科院
2454,300420,五洋科技
2455,600604,市北高新
2456,000823,超声电子
2457,603988,中电电机
2458,600889,南京化纤
2459,002255,海陆重工
2460,000550,江铃汽车
2461,600496,精工钢构
2462,002458,益生股份
2463,002129,中环股份
2464,000055,方大集团
2465,600152,维科精华
2466,600720,祁连山
2467,601225,陕西煤业
2468,601111,中国国航
2469,601088,中国神华
2470,000504,南华生物
2471,000022,深赤湾A
2472,600586,金晶科技
2473,000023,深天地A
2474,000554,泰山石油
2475,300287,飞利信
2476,600126,杭钢股份
2477,002767,先锋电子
2478,002562,兄弟科技
2479,600127,金健米业
2480,600791,京能置业
2481,002021,中捷资源
2482,601918,国投新集
2483,601618,中国中冶
2484,002592,八菱科技
2485,600203,福日电子
2486,002755,东方新星
2487,600086,东方金钰
2488,002198,嘉应制药
2489,002751,易尚展示
2490,600117,西宁特钢
2491,002259,升达林业
2492,002619,巨龙管业
2493,300281,金明精机
2494,000802,北京文化
2495,600598,北大荒
2496,000852,石化机械
2497,600026,中海发展
2498,002087,新野纺织
2499,002773,康弘药业
2500,300382,斯莱克
2501,600490,鹏欣资源
2502,000032,深桑达A
2503,002668,奥马电器
2504,601011,宝泰隆
2505,300028,金亚科技
2506,601126,四方股份
2507,600456,宝钛股份
2508,600300,维维股份
2509,603009,北特科技
2510,600029,南方航空
2511,002450,康得新
2512,600731,湖南海利
2513,603993,洛阳钼业
2514,601958,金钼股份
2515,603703,盛洋科技
2516,600191,华资实业
2517,000708,大冶特钢
2518,600508,上海能源
2519,600546,山煤国际
2520,601199,江南水务
2521,300072,三聚环保
2522,000042,中洲控股
2523,600986,科达股份
2524,002295,精艺股份
2525,600792,云煤能源
2526,603019,中科曙光
2527,600804,鹏博士
2528,600331,宏达股份
2529,000671,阳 光 城
2530,000959,首钢股份
2531,600513,联环药业
2532,600306,商业城
2533,000998,隆平高科
2534,002060,粤 水 电
2535,000807,云铝股份
2536,600821,津劝业
2537,002088,鲁阳节能
2538,000996,中国中期
2539,600231,凌钢股份
2540,002080,中材科技
2541,000933,*ST神火
2542,300368,汇金股份
2543,000425,徐工机械
2544,600590,泰豪科技
2545,600647,同达创业
2546,002685,华东重机
2547,000034,深信泰丰
2548,600711,盛屯矿业
2549,603311,金海环境
2550,000545,金浦钛业
2551,600399,抚顺特钢
2552,601388,怡球资源
2553,002019,亿帆鑫富
2554,002626,金达威
2555,600343,航天动力
2556,002008,大族激光
2557,002168,深圳惠程
2558,000620,新华联
2559,600071,凤凰光学
2560,600338,西藏珠峰
2561,603898,好莱客
2562,300419,浩丰科技
2563,002155,湖南黄金
2564,002582,好想你
2565,002301,齐心集团
2566,000821,京山轻机
2567,601222,林洋能源
2568,600482,风帆股份
2569,000066,长城电脑
2570,002753,永东股份
2571,300313,天山生物
2572,002428,云南锗业
2573,002300,太阳电缆
2574,600180,瑞茂通
2575,002600,江粉磁材
2576,000573,粤宏远A
2577,600636,三爱富
2578,600753,东方银星
2579,000687,华讯方舟
2580,002394,联发股份
2581,002090,金智科技
2582,300484,蓝海华腾
2583,600330,天通股份
2584,600022,山东钢铁
2585,600808,马钢股份
2586,600307,酒钢宏兴
2587,600282,南钢股份
2588,002103,广博股份
2589,600352,浙江龙盛
2590,300477,合纵科技
2591,000960,锡业股份
2592,002038,双鹭药业
2593,600108,亚盛集团
2594,002016,世荣兆业
2595,300429,强力新材
2596,600095,哈高科
2597,000905,厦门港务
2598,002565,上海绿新
2599,600967,北方创业
2600,600759,洲际油气
2601,600235,民丰特纸
2602,600595,中孚实业
2603,600985,雷鸣科化
2604,000792,盐湖股份
2605,000619,海螺型材
2606,002169,智光电气
2607,600256,广汇能源
2608,600895,张江高科
2609,000878,云南铜业
2610,600829,人民同泰
2611,002493,荣盛石化
2612,300487,蓝晓科技
2613,600311,荣华实业
2614,600107,美尔雅
2615,600526,菲达环保
2616,002655,共达电声
2617,601137,DR博威合
2618,000838,财信发展
2619,300489,中飞股份
2620,600766,园城黄金
2621,002289,宇顺电子
2622,601005,重庆钢铁
2623,600689,上海三毛
2624,002284,亚太股份
2625,600618,氯碱化工
2626,600362,江西铜业
2627,600271,航天信息
2628,601101,昊华能源
2629,000795,英洛华
2630,600960,渤海活塞
2631,600614,鼎立股份
2632,002637,赞宇科技
2633,300422,博世科
2634,600005,武钢股份
2635,600365,通葡股份
2636,600459,贵研铂业
2637,002270,法因数控
2638,300360,炬华科技
2639,300035,中科电气
2640,601899,紫金矿业
2641,603799,华友钴业
2642,600866,星湖科技
2643,600188,兖州煤业
2644,000688,建新矿业
2645,600234,山水文化
2646,600259,广晟有色
2647,600335,国机汽车
2648,300416,苏试试验
2649,002641,永高股份
2650,002500,山西证券
2651,600277,亿利洁能
2652,002085,万丰奥威
2653,000703,恒逸石化
2654,002578,闽发铝业
2655,000006,深振业A
2656,600019,宝钢股份
2657,600056,中国医药
2658,000976,春晖股份
2659,000825,太钢不锈
2660,002640,跨境通
2661,000669,金鸿能源
2662,000937,冀中能源
2663,002590,万安科技
2664,600855,航天长峰
2665,000791,甘肃电投
2666,600409,三友化工
2667,600295,鄂尔多斯
2668,000060,中金岭南
2669,002075,沙钢股份
2670,002082,栋梁新材
2671,600448,华纺股份
2672,600891,秋林集团
2673,000751,锌业股份
2674,601689,拓普集团
2675,002745,木林森
2676,000014,沙河股份
2677,600428,中远航运
2678,600372,中航电子
2679,300042,朗科科技
2680,000045,深纺织A
2681,000898,鞍钢股份
2682,002377,国创高新
2683,603021,山东华鹏
2684,300481,濮阳惠成
2685,300417,南华仪器
2686,603968,醋化股份
2687,002220,天宝股份
2688,600432,吉恩镍业
2689,600500,中化国际
2690,002046,轴研科技
2691,601155,新城控股
2692,300459,浙江金科
2693,002147,方圆支承
2694,603861,白云电器
2695,002122,天马股份
2696,000511,烯碳新材
2697,000723,美锦能源
2698,300195,长荣股份
2699,000709,河钢股份
2700,002321,华英农业
2701,002056,横店东磁
2702,000985,大庆华科
2703,000628,高新发展
2704,002005,德豪润达
2705,002526,山东矿机
2706,000017,深中华A
2707,300460,惠伦晶体
2708,600206,有研新材
2709,600395,盘江股份
2710,002423,中原特钢
2711,300436,广生堂
2712,601600,中国铝业
2713,000980,金马股份
2714,600393,东华实业
2715,600755,厦门国贸
2716,002488,金固股份
2717,600010,包钢股份
2718,601003,柳钢股份
2719,600801,华新水泥
2720,600392,盛和资源
2721,002120,新海股份
2722,600841,上柴股份
2723,601069,西部黄金
2724,002514,宝馨科技
2725,601015,陕西黑猫
2726,000829,天音控股
2727,002541,鸿路钢构
2728,002477,雏鹰农牧
2729,002251,步 步 高
2730,002157,正邦科技
2731,300446,乐凯新材
2732,600585,海螺水泥
2733,002453,天马精化
2734,000426,兴业矿业
2735,600800,天津磁卡
2736,600058,五矿发展
2737,600531,豫光金铅
2738,600507,方大特钢
2739,300224,正海磁材
2740,600111,北方稀土
2741,600569,安阳钢铁
2742,600489,中金黄金
2743,600366,宁波韵升
2744,600724,宁波富达
2745,600128,弘业股份
2746,000970,中科三环
2747,601020,华钰矿业
2748,002421,达实智能
2749,002237,恒邦股份
2750,002544,杰赛科技
2751,000831,*ST五稀
2752,000913,*ST钱江
2753,002336,*ST人乐
2754,601969,海南矿业
2755,000833,贵糖股份
2756,002114,罗平锌电
2757,300127,银河磁体
2758,600549,厦门钨业
2759,002757,南兴装备
2760,600547,山东黄金
2761,600606,绿地控股
2762,600115,东方航空
2763,002748,世龙实业
2764,000657,中钨高新
2765,002378,章源钨业
2766,000758,中色股份
2767,603299,井神股份
2768,000969,安泰科技
2769,000655,金岭矿业
2770,600012,皖通高速
2771,300505,川金诺
2772,600623,双钱股份
2773,002239,奥特佳
2774,600828,茂业商业
2775,000011,深物业A
2776,600497,驰宏锌锗
2777,002361,神剑股份
2778,603901,永创智能
2779,300452,山河药辅
2780,002708,光洋股份
2781,002055,得润电子
2782,600988,赤峰黄金
2783,300100,双林股份
2784,000020,深华发A
2785,000911,南宁糖业
2786,600251,冠农股份
2787,300506,名家汇
2788,603520,司太立
2789,300085,银之杰
2790,300497,富祥股份
2791,002697,红旗连锁
2792,300383,光环新网
2793,300503,昊志机电
2794,000029,深深房A
2795,600980,北矿磁材
2796,600782,新钢股份
2797,601118,海南橡胶
2798,002006,精功科技
2799,600121,郑州煤电
2800,002043,兔 宝 宝
2801,600359,新农开发
2802,600540,新赛股份
2803,300437,清水源
2804,002018,华信国际
2805,300392,腾信股份
2806,300020,银江股份
2807,000019,深深宝A
2808,002348,高乐股份
2809,002716,金贵银业
